provincia,indicativo,nombre,latitud,longitud,altitud
ILLES BALEARS,B051A,"SÓLLER, PUERTO",394744N,024129E,5
ILLES BALEARS,B013X,"ESCORCA, LLUC",394924N,025309E,490
ILLES BALEARS,B087X,BANYALBUFAR,394121N,023046E,60
ILLES BALEARS,B158X,"CALVIÀ, ES CAPDELLÀ",393305N,022759E,50
ILLES BALEARS,B103B,ANDRATX - SANT ELM,393446N,022208E,52
ILLES BALEARS,B236C,"PALMA, UNIVERSITAT",393832N,023838E,95
ILLES BALEARS,B248,"SIERRA DE ALFABIA, BUNYOLA",394406N,024247E,1030
ILLES BALEARS,B228,"PALMA, PUERTO",393315N,023731E,3
BALEARES,B278,"PALMA DE MALLORCA, AEROPUERTO",393339N,024412E,5
BALEARES,B275E,"SON BONET, AEROPUERTO",393621N,024224E,47
ILLES BALEARS,B334X,LLUCMAJOR,392944N,025330E,140
ILLES BALEARS,B301,"LLUCMAJOR, CAP BLANC",392247N,024706E,113
ILLES BALEARS,B341X,PORRERES,393022N,030020E,149
ILLES BALEARS,B346X,PORRERES,393118N,030109E,120
ILLES BALEARS,B398A,"CABRERA, PARQUE NACIONAL DE CABRERA",390808N,025612E,165
ILLES BALEARS,B373X,"CAMPOS, SALINES LLEVANT",392104N,030043E,3
ILLES BALEARS,B362X,"CAMPOS, CAN SION",392421N,030351E,40
ILLES BALEARS,B410B,SANTANYÍ,392024N,030845E,45
ILLES BALEARS,B434X,PORTOCOLOM  ,392452N,031618E,17
ILLES BALEARS,B496X,SON SERVERA,393749N,032301E,25
ILLES BALEARS,B526X,ARTÀ,394119N,032104E,110
ILLES BALEARS,B569X,CAPDEPERA,394300N,032841E,57
ILLES BALEARS,B603X,ARTÀ-COLÒNIA DE SANT PERE,394323N,031643E,99
ILLES BALEARS,B605X,"MURO, S'ALBUFERA",394748N,030617E,2
ILLES BALEARS,B640X,PETRA,393659N,030716E,95
ILLES BALEARS,B614E,MANACOR,393325N,031304E,100
ILLES BALEARS,B662X,BINISSALEM,394041N,025226E,105
ILLES BALEARS,B656A,SANTA MARÍA DEL CAMÍ,393909N,024801E,121
ILLES BALEARS,B644B,SINEU,393836N,030008E,120
ILLES BALEARS,B684A,"ESCORCA, SON TORRELLA",394734N,024716E,842
BALEARES,B691Y,SA POBLA,394457N,030100E,32
BALEARES,B691,LA PUEBLA (SA CANOVA),394454N,030055E,40
ILLES BALEARS,B780X,PORT DE POLLENÇA,395434N,030601E,2
ILLES BALEARS,B760X,POLLENÇA,395237N,030127E,45
ILLES BALEARS,B800X,"LA MOLA, MAÓ",395234N,041926E,78
ILLES BALEARS,B825B,ES MERCADAL,395926N,040511E,80
ILLES BALEARS,B860X,CIUTADELLA,395934N,035114E,20
ILLES BALEARS,B870C,"CIUTADELLA, CALA GALDANA",395641N,035724E,43
BALEARES,B893,"MENORCA, AEROPUERTO",395117N,041256E,91
ILLES BALEARS,B908X,SANT JOAN DE LABRITJA,390322N,012933E,110
ILLES BALEARS,B925,SANT ANTONI DE PORTMANY,385747N,011917E,32
ILLES BALEARS,B957,EIVISSA,385522N,012629E,3
ILLES BALEARS,B954,"IBIZA, AEROPUERTO",385235N,012304E,6
ILLES BALEARS,B986,FORMENTERA,384137N,012749E,24
LAS PALMAS,C018J,TÍAS,285811N,134125W,376
LAS PALMAS,C029O,LANZAROTE AEROPUERTO,285707N,133601W,14
LAS PALMAS,C019V,YAIZA PLAYA BLANCA,285132N,135006W,6
LAS PALMAS,C038N,HARÍA,290837N,132921W,277
LAS PALMAS,C048W,TINAJO,290233N,134051W,275
STA. CRUZ DE TENERIFE,C101A,ROQUE DE LOS MUCHACHOS,284521N,175343W,2223
STA. CRUZ DE TENERIFE,C117Z,TIJARAFE,284029N,175612W,733
STA. CRUZ DE TENERIFE,C117A,PUNTAGORDA,284538N,175908W,684
STA. CRUZ DE TENERIFE,C126A,EL PASO,283914N,175111W,844
STA. CRUZ DE TENERIFE,C129V,FUENCALIENTE,282718N,175028W,19
SANTA CRUZ DE TENERIFE,C139E,LA PALMA AEROPUERTO,283759N,174518W,33
STA. CRUZ DE TENERIFE,C129Z,TAZACORTE,283545N,175455W,62
STA. CRUZ DE TENERIFE,C148F,SAN ANDRÉS Y SAUCES,284817N,174656W,362
LAS PALMAS,C229J,PÁJARA,280257N,142129W,15
LAS PALMAS,C239N,"TUINEJE,PUERTO GRAN TARAJAL",281231N,140123W,1
LAS PALMAS,C248E,ANTIGUA,282501N,140109W,252
LAS PALMAS,C249I,FUERTEVENTURA AEROPUERTO,282641N,135147W,25
LAS PALMAS,C258K,LA OLIVA,283645N,135554W,217
STA. CRUZ DE TENERIFE,C314Z,"VALLEHERMOSO, ALTO IGUALERO  ",280625N,171457W,1474
STA. CRUZ DE TENERIFE,C317B,AGULO,281044N,171247W,765
STA. CRUZ DE TENERIFE,C319W,"VALLEHERMOSO, DAMA",280315N,171823W,190
STA. CRUZ DE TENERIFE,C316I,ARURE,280742N,171854W,916
STA. CRUZ DE TENERIFE,C328W,HERMIGUA,280949N,171139W,252
STA. CRUZ DE TENERIFE,C329Z,SAN SEBASTIÁN DE LA GOMERA,280523N,170641W,15
STA. CRUZ DE TENERIFE,C329B,"LA GOMERA, AEROPUERTO",280154N,171239W,219
STA. CRUZ DE TENERIFE,C406G,"LA OROTAVA, CAÑADAS TEIDE",281327N,163734W,2150
STA. CRUZ DE TENERIFE,C417J,CITFAGRO_74_CHIO,281400N,164721W,735
STA. CRUZ DE TENERIFE,C412N,CITFAGRO_89_CHAVAO,281311N,164219W,2071
STA. CRUZ DE TENERIFE,C415A,CITFAGRO_64_HOYOS,281819N,164820W,990
STA. CRUZ DE TENERIFE,C418I,CITFAGRO_05_GUIAISO1,281252N,164723W,476
STA. CRUZ DE TENERIFE,C418L,CITFAGRO_76_POZO,281201N,164547W,700
SANTA CRUZ DE TENERIFE,C419L,LOMO DEL BALO,281225N,164731W,403
STA. CRUZ DE TENERIFE,C419X,ADEJE,280453N,164238W,130
STA. CRUZ DE TENERIFE,C423R,CITFAGRO_90_PICACHO,281327N,163116W,1654
STA. CRUZ DE TENERIFE,C422A,CITFAGRO_94_LOSTOPOS,281019N,163905W,1833
STA. CRUZ DE TENERIFE,C426I,CITFAGRO_77_PINAL,280737N,163621W,880
STA. CRUZ DE TENERIFE,C426E,CITFAGRO_13_VILAFLOR,280839N,163741W,1258
STA. CRUZ DE TENERIFE,C428T,ARICO,281051N,162860W,418
STA. CRUZ DE TENERIFE,C426R,CITFAGRO_09_HELECHO,281301N,162926W,930
STA. CRUZ DE TENERIFE,C428U,CITFAGRO_01_ARICO,280752N,162821W,135
SANTA CRUZ DE TENERIFE,C430E,IZAÑA,281830N,162959W,2369
SANTA CRUZ DE TENERIFE,C429I,TENERIFE SUR AEROPUERTO,280249N,163340W,64
STA. CRUZ DE TENERIFE,C436I,CITFAGRO_54_TOPONEGRO,281935N,162420W,290
STA. CRUZ DE TENERIFE,C436L,CITFAGRO_96_ARAYA,282214N,162351W,525
STA. CRUZ DE TENERIFE,C437E,CITFAGRO_81_MENA,281611N,162511W,500
STA. CRUZ DE TENERIFE,C438N,CANDELARIA,282133N,162406W,463
SANTA CRUZ DE TENERIFE,C439J,GÜÍMAR,281906N,162256W,115
STA. CRUZ DE TENERIFE,C446G,"SAN CRISTÓBAL DE LA LAGUNA,LLANO DE LOS LOROS",283135N,161649W,868
SANTA CRUZ DE TENERIFE,C447A,TENERIFE NORTE AEROPUERTO,282839N,161946W,632
SANTA CRUZ DE TENERIFE,C449C,STA.CRUZ DE TENERIFE,282748N,161519W,36
STA. CRUZ DE TENERIFE,C448C,CITFAGRO_92_SANTACRUZ,282745N,161624W,136
STA. CRUZ DE TENERIFE,C449F,ANAGA ,283029N,161144W,19
STA. CRUZ DE TENERIFE,C453I,CITFAGRO_88_GAITERO,282341N,162600W,1744
STA. CRUZ DE TENERIFE,C449Q,CITFAGRO_97_TAGANANA,283336N,161341W,305
STA. CRUZ DE TENERIFE,C455M,CITFAGRO_87_AGUAMANSA,282142N,162949W,1065
STA. CRUZ DE TENERIFE,C456E,CITFAGRO_10_RAVELO,282714N,162431W,922
STA. CRUZ DE TENERIFE,C456P,CITFAGRO_70_BENIJO,282141N,163248W,906
STA. CRUZ DE TENERIFE,C457E,CITFAGRO_67_MATANZA,282658N,162617W,650
STA. CRUZ DE TENERIFE,C456R,CITFAGRO_69_SUERTE,282222N,163231W,551
STA. CRUZ DE TENERIFE,C457I,LA VICTORIA DE ACENTEJO,282604N,162716W,567
STA. CRUZ DE TENERIFE,C458A,TACORONTE,282947N,162512W,310
STA. CRUZ DE TENERIFE,C458U,CITFAGRO_71_PALOB,282207N,163441W,595
STA. CRUZ DE TENERIFE,C466O,CITFAGRO_91_CUBO,282021N,164740W,878
STA. CRUZ DE TENERIFE,C467I,CITFAGRO_73_REDON,282112N,164230W,525
STA. CRUZ DE TENERIFE,C459Z,PUERTO DE LA CRUZ,282505N,163254W,25
STA. CRUZ DE TENERIFE,C468X,SAN JUAN DE LA RAMBLA,282223N,163733W,667
STA. CRUZ DE TENERIFE,C468O,CITFAGRO_62_TRIGO,282125N,164805W,450
STA. CRUZ DE TENERIFE,C468I,CITFAGRO_98_ELDRAGO,282201N,164320W,218
LAS PALMAS,C612F,"TEJEDA, CRUZ DE TEJEDA",280025N,153556W,1514
LAS PALMAS,C614H,TEJEDA,275942N,153657W,1060
LAS PALMAS,C619I,LA ALDEA DE SAN NICOLÁS,280003N,154850W,10
LAS PALMAS,C611E,VEGA DE SAN MATEO,275836N,153502W,1702
LAS PALMAS,C619X,AGAETE,280604N,154246W,5
LAS PALMAS,C619Y,LA ALDEA DE SAN NICOLÁS,280004N,154827W,13
LAS PALMAS,C623I,"SAN BARTOLOME TIRAJANA, CUEVAS DEL PINAR",275536N,153559W,1220
LAS PALMAS,C625O,"SAN BARTOLOME TIRAJANA, LOMO PEDRO ALFONSO",275125N,153842W,806
LAS PALMAS,C628B,"LA ALDEA DE SAN NICOLÁS, TASARTE",275432N,154612W,318
LAS PALMAS,C629Q,"MOGÁN, PUERTO RICO",274648N,154240W,10
LAS PALMAS,C629X,"MOGÁN, PUERTO",274859N,154551W,10
LAS PALMAS,C639M,"MASPALOMAS, C. INSULAR TURISMO ",274529N,153432W,45
LAS PALMAS,C635B,"SAN BARTOLOME TIRAJANA, LAS TIRAJANAS",275512N,153427W,960
LAS PALMAS,C648C,AGÜIMES,275409N,152714W,306
LAS PALMAS,C648N,"TELDE, CENTRO FORESTAL DORAMAS",275915N,152728W,344
LAS PALMAS,C639U,"SAN BARTOLOME TIRAJANA, EL MATORRAL",274845N,152711W,41
LAS PALMAS,C649R,"TELDE, MELENARA",275912N,152240W,9
LAS PALMAS,C649I,GRAN CANARIA AEROPUERTO,275504N,152343W,24
LAS PALMAS,C658X,"LAS PALMAS DE GRAN CANARIA, TAFIRA",280441N,152712W,269
LAS PALMAS,C658L,LAS PALMAS DE G.C. (TAFIRA CMT),280430N,152703W,269
LAS PALMAS,C656V,TEROR,280431N,153250W,683
LAS PALMAS,C659H,"LAS PALMAS DE GRAN CANARIA, SAN CRISTOBAL",280523N,152458W,55
LAS PALMAS,C665T,VALLESECO,280356N,153356W,900
LAS PALMAS,C659M,"LAS PALMAS DE GRAN CANARIA, PL. DE LA FERIA",280647N,152517W,15
LAS PALMAS,C668V,AGAETE - SUERTE ALTA,280540N,154030W,352
LAS PALMAS,C689E,MASPALOMAS,274409N,153545W,6
LAS PALMAS,C839I,TEGUISE,291355N,133007W,10
LAS PALMAS,C669B,ARUCAS,280830N,153024W,86
STA. CRUZ DE TENERIFE,C916Q,"EL PINAR, DEPÓSITO",274308N,175841W,948
LAS PALMAS,C839X,LA GRACIOSA,291347N,133037W,19
STA. CRUZ DE TENERIFE,C925F,"SAN ANDRÉS, VALVERDE",274608N,175737W,1070
STA. CRUZ DE TENERIFE,C919K,TACORON-LAPILLAS-TORTUGA,273955N,180107W,98
STA. CRUZ DE TENERIFE,C917E,"EL PINAR, LA DEHESA",274331N,180654W,713
SANTA CRUZ DE TENERIFE,C929I,HIERRO AEROPUERTO,274908N,175320W,32
STA. CRUZ DE TENERIFE,C939T,"FRONTERA, SABINOSA",274523N,180627W,20
STA. CRUZ DE TENERIFE,C928I,VALVERDE,274839N,175510W,670
TARRAGONA,0009X,ALFORJA,411250N,005748E,406
TARRAGONA,0002I,VANDELLÒS  ,405729N,005217E,32
TARRAGONA,0016B,REUS (CENTRE LECTURA),410915N,010632E,118
TARRAGONA,0042Y,TARRAGONA ,410726N,011457E,55
TARRAGONA,0016A,REUS AEROPUERTO,410842N,010949E,71
TARRAGONA,0034X,VALLS,411735N,011539E,233
BARCELONA,0061X,PONTONS,412501N,013109E,632
BARCELONA,0073X,SITGES,411438N,015109E,58
BARCELONA,0066X,VILAFRANCA DEL PENEDÈS,411949N,014037E,177
BARCELONA,0092X,BERGA,420605N,015127E,682
BARCELONA,0076,BARCELONA AEROPUERTO,411734N,020412E,4
BARCELONA,0106X,BALSARENY,415159N,015221E,361
BARCELONA,0120X,MOIÀ,414848N,020543E,742
BARCELONA,0149D,MANRESA (LA CULLA),414312N,015025E,291
BARCELONA,0114X,PRATS DE LLUÇANÈS,420025N,020136E,700
BARCELONA,0149X,MANRESA,414312N,015025E,291
BARCELONA,0158O,MONTSERRAT,413540N,015021E,738
BARCELONA,0194D,"CORBERA, PIC D'AGULLES",412429N,015306E,647
BARCELONA,0158X,MONISTROL DE MONTSERRAT,413540N,015021E,738
BARCELONA,0171X,IGUALADA,413444N,013704E,313
BARCELONA,0201X,"BARCELONA, DRASSANES",412230N,021026E,11
BARCELONA,0201D,"BARCELONA, PORT OLÍMPIC",412326N,021200E,26
BARCELONA,0200E,"BARCELONA, FABRA",412506N,020727E,408
BARCELONA,0244X,VILASSAR DE DALT,413018N,022145E,56
BARCELONA,0252D,ARENYS DE MAR,413514N,023224E,74
BARCELONA,0229I,SABADELL AEROPUERTO,413125N,020611E,146
BARCELONA,0222X,CALDES DE MONTBUI,413646N,021006E,175
BARCELONA,0255B,SANTA SUSANNA,413903N,024149E,40
BARCELONA,0260X,FOGARS DE MONTCLÚS,414536N,022552E,936
GIRONA,0281Y,BLANES,414037N,024818E,45
GIRONA,0284X,CASTELL D'ARO,414828N,030151E,14
GIRONA,0312X,SANT PAU DE SEGÚRIES,421530N,022152E,851
GIRONA,0320I,PLANOLES,421901N,020610E,1151
GIRONA,0294B,LA BISBAL (D'EMPORDA 3),415804N,030232E,51
GIRONA,0324A,RIPOLL,421129N,021146E,675
BARCELONA,0341,TONA (ESCOLA),415048N,021336E,611
GIRONA,0321,CAMPDEVANOL,421322N,021002E,731
GIRONA,0360X,LES PLANES D'HOSTOLES,420310N,023304E,337
BARCELONA,0349,SANT JULIÀ  DE VILATORTA,415534N,021903E,578
BARCELONA,0341X,TONA,415049N,021321E,607
GIRONA,0363X,SANT HILARI,415251N,023048E,810
GIRONA,0367,GIRONA AEROPUERTO,415442N,024548E,143
GIRONA,0372C,PORQUERES,420616N,024549E,157
GIRONA,0370B,"GIRONA, ANTIC INSTITUT",415848N,024931E,95
GIRONA,0370E,GIRONA,415820N,024910E,76
GIRONA,0385X,L'ESTARTIT,420314N,031205E,1
GIRONA,0394X,LA VALL DE BIANYA,421238N,022819E,350
GIRONA,0411X,CASTELLÓ D'EMPÚRIES,421329N,030535E,2
GIRONA,0413A,MAÇANET DE CABRENYS,422313N,024520E,355
GIRONA,0421E,ESPOLLA 'LES ALBERES',422324N,030022E,100
GIRONA,0421X,ESPOLLA,422324N,030022E,100
GIRONA,0429X,FIGUERES,421533N,025737E,45
NAVARRA,1002Y,"BAZTAN, IRURITA ",430809N,013235W,183
GIRONA,0433D,CABO DE CREUS,421909N,031856E,75
GIPUZKOA,1012P,IRUN,431935N,014748W,120
NAVARRA,1010X,BERA,431643N,014033W,54
GIPUZKOA,1014,"HONDARRIBIA, MALKARROA",432125N,014732W,4
NAVARRA,1021Y,ARTICUTZA (AUTOMATICA),431244N,014752W,305
GIPUZKOA,1024E,"DONOSTIA / SAN SEBASTIÁN, IGELDO",431823N,020228W,250
GIPUZKOA,1021X,"ERRENTERIA, AÑARBE",431250N,015244W,165
GIPUZKOA,1014A,DONOSTIA / SAN SEBASTIÁN AEROPUERTO,432125N,014732W,4
GIPUZKOA,1025A,SEGURA,430056N,021524W,255
GIPUZKOA,1025X,"BEASAIN, ARRIARAN",430317N,021355W,255
GIPUZKOA,1037X,LEGAZPI,430306N,022014W,460
GIPUZKOA,1026X,ORDIZIA,430329N,021103W,290
NAVARRA,1033X,ARESO,430506N,015703W,520
ARABA/ALAVA,1044X,"ARAMAIO, ETXAGUEN",430328N,023523W,617
GIPUZKOA,1038X,AZPEITIA,431021N,021602W,180
GIPUZKOA,1041A,ZUMAIA,431808N,021504W,28
GIPUZKOA,1048X,ARETXABALETA,430130N,022757W,308
GIPUZKOA,1037Y,ZUMARRAGA,430448N,021903W,420
GIPUZKOA,1049N,ELGETA,430818N,022945W,470
GIPUZKOA,1050J,ELGOIBAR,431233N,022448W,119
GIPUZKOA,1052A,MUTRIKU,431902N,022350W,150
BIZKAIA,1055B,LEKEITIO,432237N,023037W,12
BIZKAIA,1056K,FORUA,432033N,024016W,45
ARABA/ALAVA,1060X,AMURRIO,430301N,030020W,240
BIZKAIA,1059X,PUNTA GALEA,432230N,030118W,81
BIZKAIA,1057B,MATXITXAKO,432714N,024510W,93
BIZKAIA,1064L,"OROZKO, IBARRA",430547N,025137W,270
BIZKAIA,1069Y,"ABADIÑO, URKIOLA",430557N,023839W,747
BIZKAIA,1078C,BALMASEDA,431050N,031235W,210
BIZKAIA,1078I,GÜEÑES,431212N,030617W,208
BIZKAIA,1074C,AMOREBIETA-ETXANO,431210N,024222W,100
BIZKAIA,1083B,SOPUERTA,431647N,031007W,177
BIZKAIA,1082,BILBAO AEROPUERTO,431753N,025423W,42
CANTABRIA,1083L,CASTRO URDIALES,432341N,031402W,45
CANTABRIA,1089U,RAMALES DE LA VICTORIA,431521N,032815W,80
CANTABRIA,1096X,"BARCENA DE CICERO, TRETO",432348N,032811W,10
CANTABRIA,1103X,SAN ROQUE DE RIOMIERA,431339N,034316W,849
CANTABRIA,1109,SANTANDER AEROPUERTO,432526N,034932W,3
CANTABRIA,1110,"SANTANDER, CIUDAD",432754N,034908W,64
CANTABRIA,1109X,SANTANDER AEROPUERTO,432543N,034953W,3
CANTABRIA,1124E,VILLACARRIEDO,431444N,035058W,196
CANTABRIA,1111,SANTANDER,432928N,034802W,52
CANTABRIA,1111X,SANTANDER,432928N,034802W,51
CANTABRIA,1152C,SAN FELICES DE BUELNA,431619N,040255W,105
CANTABRIA,1154H,"TORRELAVEGA, SIERRAPANDO",432131N,040139W,110
CANTABRIA,1135C,"LOS TOJOS, BÁRCENA MAYOR",430849N,041251W,460
CANTABRIA,1159,SAN VICENTE DE LA BARQUERA,432336N,042332W,38
CANTABRIA,1167B,"CAMALEÑO, FUENTE DE",430838N,044846W,1100
CANTABRIA,1167J,"CORISCAO, PARQUE NACIONAL PICOS DE EUROPA",430521N,044626W,1722
CANTABRIA,1167G,"MIRADOR DEL CABLE, PARQUE NACIONAL PICOS DE EUROPA",430918N,044811W,1910
CANTABRIA,1176A,TRESVISO,431521N,044006W,940
ASTURIAS,1178R,"SOTRES, PARQUE NACIONAL PICOS DE EUROPA",431415N,044412W,1236
CANTABRIA,1174I,"CILLÓRIGO DE LIÉBANA, TAMA",431058N,043606W,250
ASTURIAS,1183X,LLANES,432513N,044453W,10
ASTURIAS,1179B,CABRALES,431840N,045110W,458
LEON,1178Y,"POSADA DE VALDEÓN, SOTO ",430843N,045554W,953
ASTURIAS,1186P,"AMIEVA, PANIZALES",431560N,050709W,370
ASTURIAS,1203D,COLUNGA,432932N,051450W,30
ASTURIAS,1199X,"PILOÑA, BARGAÉU",432240N,052348W,280
ASTURIAS,1207U,"GIJÓN, CAMPUS",433123N,053716W,26
ASTURIAS,1208,GIJÓN,433220N,053815W,3
ASTURIAS,1208H,"GIJÓN, PUERTO",433335N,054203W,5
ASTURIAS,1210X,CABO PEÑAS,433921N,055055W,100
ASTURIAS,1208A,GIJÓN. LA MERCED,433230N,053943W,22
ASTURIAS,1212E,ASTURIAS AEROPUERTO,433401N,060239W,127
ASTURIAS,1221D,PAJARES-VALGRANDE,425843N,054635W,1480
ASTURIAS,1226X,"ALLER, FELECHOSA",430543N,052837W,750
ASTURIAS,1234P,"MIERES, BAIÑA",431630N,054909W,170
ASTURIAS,1223P,"LENA, RONZÓN",430758N,054922W,370
ASTURIAS,1249I,OVIEDO,432112N,055227W,336
ASTURIAS,1249X,OVIEDO,432112N,055226W,334
ASTURIAS,1272B,"TINEO, SOUTU",431725N,062312W,280
ASTURIAS,1283U,CABO BUSTO,433409N,062812W,60
ASTURIAS,1276F,POLA DE SOMIEDO,430600N,061525W,670
ASTURIAS,1279X,"SALAS, CAMUÑO",432530N,061351W,240
ASTURIAS,1309C,"IBIAS, SAN ANTOLIN",430139N,065306W,780
LUGO,1297E,CERVANTES,424607N,070103W,1020
ASTURIAS,1302F,DEGAÑA,425719N,062821W,1310
ASTURIAS,1331A,CASTROPOL,433129N,070153W,40
ASTURIAS,1341B,"TARAMUNDI, OURIA",432456N,070340W,340
ASTURIAS,1327A,"VILLAYÓN, ONETA",432756N,064024W,410
LUGO,1344X,MONDOÑEDO,432553N,072142W,125
LUGO,1347T,BURELA,433904N,072126W,80
LUGO,1342X,RIBADEO,433226N,070459W,43
A CORUÑA,1351,ESTACA DE BARES,434710N,074106W,90
A CORUÑA,1354C,FERROL,432835N,081544W,4
A CORUÑA,1363X,AS PONTES,432645N,075141W,343
A CORUÑA,1387D,A CORUÑA BENS,432148N,082631W,132
A CORUÑA,1387,A CORUÑA,432157N,082517W,57
A CORUÑA,1387E,A CORUÑA AEROPUERTO,431825N,082219W,98
A CORUÑA,1390X,"CARBALLO, DEPURADORA",431213N,084240W,98
A CORUÑA,1393,CABO VILÁN,430938N,091239W,50
A CORUÑA,1406X,MAZARICOS,425607N,085937W,340
A CORUÑA,1400,FISTERRA,425529N,091729W,230
A CORUÑA,1399,VIMIANZO,430327N,090249W,287
A CORUÑA,1428,SANTIAGO DE COMPOSTELA AEROPUERTO,425317N,082438W,370
A CORUÑA,1410X,SOBRADO,430216N,080120W,500
A CORUÑA,1442U,BOIRO,423838N,085332W,10
A CORUÑA,1437O,MONTE IROITE,424314N,085524W,685
A CORUÑA,1435C,NOIA,424801N,085234W,128
LUGO,1446X,MONTERROSO,424835N,074606W,680
PONTEVEDRA,1465U,LALIN-CRISTIMIL,423956N,081133W,463
PONTEVEDRA,1455I,RODEIRO-VILAMAIOR,424240N,075714W,645
PONTEVEDRA,1466A,SILLEDA,424203N,081528W,435
PONTEVEDRA,1468X,A ESTRADA,424137N,083007W,269
A CORUÑA,1473A,PADRÓN,424418N,083738W,100
A CORUÑA,1475X,SANTIAGO DE COMPOSTELA,425234N,083321W,240
A CORUÑA,1476R,"ROIS, CASAS DO PORTO",424459N,084253W,210
PONTEVEDRA,1477U,VILAGARCIA DE AROUSA,423456N,084611W,36
PONTEVEDRA,1484C,PONTEVEDRA,422618N,083657W,113
PONTEVEDRA,1486E,ESCUELA NAVAL DE MARÍN,422346N,084225W,3
PONTEVEDRA,1484,"PONTEVEDRA, INSTITUTO",422550N,083850W,19
PONTEVEDRA,1477V,VILAGARCÍA DE AROUSA,423505N,084629W,32
PONTEVEDRA,1489A,A LAMA,422425N,082704W,395
PONTEVEDRA,1495,VIGO AEROPUERTO,421419N,083726W,255
LUGO,1505,LUGO AEROPUERTO,430640N,072727W,442
PONTEVEDRA,1496X,VIGO ,421350N,084327W,120
LUGO,1518A,LUGO,425954N,073309W,442
LUGO,1521X,BECERREÁ,425150N,071107W,1080
LUGO,1521I,O PÁRAMO,425043N,072958W,403
ASTURIAS,1542,PUERTO DE LEITARIEGOS,425939N,062451W,1530
LEON,1541B,VILLABLINO,425544N,062002W,958
LEON,1549,PONFERRADA,423350N,063600W,532
OURENSE,1583X,O BARCO DE VALDEORRAS,422456N,065935W,315
LEON,1561I,VEGA DE ESPINAREDA  ,424558N,064025W,770
OURENSE,1639X,CHANDREXA DE QUEIXA,421537N,072301W,990
OURENSE,1631E,A POBRA DE TRIVES,422022N,071657W,840
LUGO,1658,FOLGOSO DO COUREL,423519N,071130W,612
OURENSE,1690B,"OURENSE,INSTITUTO",421956N,075152W,148
OURENSE,1696O,BEARIZ,422805N,081641W,610
OURENSE,1690A,OURENSE,421931N,075135W,146
LUGO,1679A,MONFORTE DE LEMOS,423154N,073039W,291
OURENSE,1706A,ALLARIZ,421058N,074746W,492
OURENSE,1700X,O CARBALLIÑO,422517N,080533W,400
OURENSE,1701X,RIBADAVIA,421760N,080745W,112
PONTEVEDRA,1719,A CAÑIZA,421305N,081652W,560
PONTEVEDRA,1730E,O ROSAL,415638N,085051W,55
OURENSE,1735X,XINZO DE LIMIA,420445N,074401W,616
PONTEVEDRA,1723X,"PONTEAREAS, CANEDO   ",421056N,082934W,90
OURENSE,1738U,MUIÑOS,415603N,075920W,730
CANTABRIA,1740,"SANTILLANA DEL MAR, ALTAMIRA",432238N,040728W,150
SORIA,2005Y,"VINUESA, QUINTANAREJO",415804N,024658W,1197
SORIA,2030,SORIA,414630N,022859W,1081
SORIA,2017Y,"LA PÓVEDA DE SORIA, BARRIOMARTÍN",415945N,022939W,1260
SORIA,2044B,LUBIA,413602N,023027W,1100
SORIA,2084Y,UCERO,414319N,030249W,960
SORIA,2059B,LA RIBA DE ESCALOTE,412059N,024700W,1042
SORIA,2048A,MORÓN DE ALMAZÁN,412510N,022513W,978
SORIA,2092,BURGO DE OSMA,413522N,030513W,932
SORIA,2096B,LICERAS,412225N,031505W,1150
BURGOS,2106B,CORUÑA DEL CONDE,414445N,032255W,955
BURGOS,2117D,ARANDA DE DUERO,413957N,034434W,790
SEGOVIA,2135A,FRESNO DE CANTESPINO,412222N,033026W,993
SEGOVIA,2140A,ALDEANUEVA DE SERREZUELA,412752N,034709W,1135
SEGOVIA,2150H,"LA PINILLA, ESTACIÓN DE ESQUÍ",411131N,032831W,1798
VALLADOLID,2166Y,PEÑAFIEL,413535N,040729W,756
VALLADOLID,2172Y,SARDÓN DE DUERO,413643N,042420W,725
SEGOVIA,2182C,PEDRAZA,410802N,034725W,1107
SEGOVIA,2192C,CUÉLLAR,412301N,041556W,795
PALENCIA,2235U,CERVERA DE PISUERGA,425214N,043112W,1140
BURGOS,2285B,VILLADIEGO,423126N,040004W,869
PALENCIA,2276B,VILLAELES DE VALDAVIA,423408N,043430W,908
PALENCIA,2243A,AGUILAR DE CAMPOO,424753N,041638W,910
SORIA,2296A,ÓLVEGA,414632N,015836W,1039
BURGOS,2290Y,PEDROSA DEL PRÍNCIPE,421504N,041156W,771
BURGOS,2298,PALACIOS DE LA SIERRA,415735N,030754W,1080
BURGOS,2311Y,VILLAMAYOR DE LOS MONTES,420619N,034604W,884
BURGOS,2302N,MONTERRUBIO DE LA DEMANDA,420847N,030635W,1197
PALENCIA,2374X,CARRIÓN DE LOS CONDES,422103N,043702W,830
BURGOS,2331,BURGOS AEROPUERTO,422125N,033713W,891
PALENCIA,2362C,"VELILLA DEL RÍO CARRIÓN, CAMPORREDONDO DE ALBA",425338N,044249W,1575
PALENCIA,2400E,AUTILLA DEL PINO,415944N,043610W,874
PALENCIA,2401X,PALENCIA,420034N,043338W,736
PALENCIA,2401,"PALENCIA, OBSERVATORIO",420018N,043145W,750
AVILA,2430Y,MUÑOTELLO,403236N,050239W,1178
VALLADOLID,2422,VALLADOLID,413827N,044515W,734
AVILA,2444,ÁVILA,403933N,044047W,1130
AVILA,2444C,"ÁVILA, AYUNTAMIENTO",403924N,044201W,1143
AVILA,2453E,GOTARRENDURA,404944N,044431W,920
AVILA,2456B,AREVALO,410417N,044348W,820
MADRID,2462,PUERTO DE NAVACERRADA,404735N,040038W,1893
SEGOVIA,2471Y,SAN RAFAEL,404307N,041243W,1237
SEGOVIA,2465A,"SEGOVIA, INSTITUTO",405648N,040657W,990
SEGOVIA,2465,SEGOVIA,405643N,040735W,1008
SEGOVIA,2482B,MIGUELAÑEZ,410735N,042233W,870
VALLADOLID,2503B,"OLMEDO, DEPÓSITO DE AGUA",411648N,044131W,786
SALAMANCA,2491C,"LA COVATILLA, ESTACIÓN DE ESQUÍ",402118N,054124W,1960
VALLADOLID,2503X,OLMEDO,411933N,044113W,740
VALLADOLID,2517A,FUENTE EL SOL,411022N,045623W,755
VALLADOLID,2507Y,RUEDA,412510N,045749W,724
AVILA,2512Y,RIVILLA DE BARAJAS,405256N,050107W,925
VALLADOLID,2539,VALLADOLID AEROPUERTO,414243N,045120W,846
ZAMORA,2536D,MORALES DEL TORO,413254N,051617W,710
ZAMORA,2565,CORESES,413319N,053750W,702
ZAMORA,2555B,FUENTESAUCO,411412N,052853W,811
PALENCIA,2568D,"SANTERVÁS DE LA VEGA, VILLAPÚN ",423125N,045104W,985
ZAMORA,2611D,VILLAFÁFILA,415123N,053533W,690
VALLADOLID,2593D,VILLALÓN DE CAMPOS,420539N,050228W,782
VALLADOLID,2604B,MEDINA DE RIOSECO,415233N,050225W,731
LEON,2626Y,CUBILLAS DE RUEDA,423712N,051136W,916
LEON,2624C,RIAÑO,425730N,050027W,1090
ZAMORA,2614,ZAMORA,413056N,054407W,656
LEON,2661,"LEÓN, VIRGEN DEL CAMINO",423518N,053904W,916
LEON,2630X,PUERTO DE SAN ISIDRO,430344N,052237W,1510
LEON,2661B,LEÓN AEROPUERTO,423558N,053837W,912
LEON,2664B,VALENCIA DE DON JUAN,421745N,053017W,788
LEON,2701D,"BARRIOS DE LUNA, MIÑERA",425308N,055215W,1120
LEON,2734D,ASTORGA,422836N,060428W,919
LEON,2728B,"QUINTANA DEL CASTILLO, VILLAMECA",423854N,060415W,995
LEON,2742R,BUSTILLO DEL PÁRAMO,422759N,054647W,850
ZAMORA,2755X,BENAVENTE,420039N,054000W,715
LEON,2737E,LAGUNAS DE SOMOZA,422239N,061148W,1020
ZAMORA,2766E,"SANABRIA, ROBLEDA-CERVANTES",420457N,063823W,933
ZAMORA,2777K,SANTIBAÑEZ DE VIDRIALES,420441N,060026W,737
ZAMORA,2775X,VILLARDECIERVOS,415629N,061647W,850
ZAMORA,2789H,POZUELO DE TABARA,414708N,055432W,711
AVILA,2811A,NAVARREDONDA DE GREDOS,402102N,050835W,1525
ZAMORA,2804F,VILLADEPERA,413202N,060831W,790
SALAMANCA,2863C,PEDRAZA DE ALBA  ,404356N,052158W,897
SALAMANCA,2847X,PEDROSILLO DE LOS AIRES   ,404032N,053836W,865
AVILA,2828Y,BARCO DE AVILA,402119N,053109W,1012
SALAMANCA,2870,SALAMANCA,405727N,053944W,775
SALAMANCA,2873X,BARBADILLO,405413N,054647W,817
SALAMANCA,2867,SALAMANCA AEROPUERTO,405734N,052954W,790
SALAMANCA,2891A,VILLARINO DE LOS AIRES,411546N,062744W,690
SALAMANCA,2914C,BOADILLA FUENTE SAN ESTEBAN,404710N,061210W,785
ZAMORA,2885K,FRESNO DE SAYAGO,411816N,060120W,804
ZAMORA,2882D,PEÑAUSENDE,411420N,055351W,1003
SALAMANCA,2926B,BAÑOBÁREZ,405105N,063632W,748
SALAMANCA,2918Y,EL MAÍLLO,403410N,061325W,1027
SALAMANCA,2916A,VITIGUDINO,410041N,062616W,769
SALAMANCA,2930Y,NAVASFRÍAS,401748N,064846W,880
SALAMANCA,2945A,EL BODÓN BASE AÉREA,402906N,063437W,805
SALAMANCA,2946X,SAELICES EL CHICO,403806N,063600W,680
ZAMORA,2966D,ALCAÑICES  ,414100N,061805W,840
OURENSE,2978X,VERÍN,415536N,072519W,380
OURENSE,2969U,A GUDIÑA,420138N,071059W,910
GUADALAJARA,3021Y,ZAOREJAS,404530N,021159W,1250
GUADALAJARA,3013,MOLINA DE ARAGÓN,405030N,015244W,1062
CUENCA,3040Y,BETETA,403418N,020435W,1214
CUENCA,3044X,CAÑIZARES,403149N,020900W,928
TOLEDO,3099Y,OCAÑA,395607N,032946W,733
GUADALAJARA,3085Y,PASTRANA,402428N,025711W,920
CUENCA,3094B,TARANCÓN,400043N,030117W,819
MADRID,3100B,ARANJUEZ,400402N,033246W,540
GUADALAJARA,3103,PANTANO EL VADO,410013N,031807W,910
MADRID,3111D,SOMOSIERRA,410808N,033450W,1450
MADRID,3125Y,SAN SEBASTIÁN DE LOS REYES,403260N,033700W,672
MADRID,3104Y,RASCAFRÍA,405323N,035318W,1159
MADRID,3110C,BUITRAGO DEL LOZOYA,410025N,033650W,1030
MADRID,3129,MADRID AEROPUERTO,402800N,033320W,609
MADRID,3126Y,"MADRID, EL GOLOSO",403341N,034243W,740
GUADALAJARA,3168A,"GUADALAJARA, INSTITUTO",403805N,031000W,685
GUADALAJARA,3130C,SIGÜENZA,410511N,023705W,1005
GUADALAJARA,3140Y,MANDAYONA,405906N,024536W,990
GUADALAJARA,3168D,GUADALAJARA,403749N,030901W,727
GUADALAJARA,3168C,"GUADALAJARA, EL SERRANILLO",403933N,031024W,639
MADRID,3170Y,ALCALA DE HENARES,403142N,031723W,605
MADRID,3182Y,ARGANDA DEL REY,401842N,032952W,533
MADRID,3175,TORREJÓN DE ARDOZ,402919N,032637W,607
MADRID,3191E,COLMENAR VIEJO,404146N,034554W,1004
MADRID,3194Y,POZUELO DE ALARCÓN,402654N,034848W,665
MADRID,3194U,"MADRID, CIUDAD UNIVERSITARIA",402706N,034327W,664
MADRID,3196,"MADRID, CUATRO VIENTOS",402232N,034710W,690
MADRID,3200,GETAFE,401758N,034320W,620
MADRID,3195,"MADRID, RETIRO",402443N,034041W,667
TOLEDO,3245Y,TEMBLEQUE,394146N,033021W,635
MADRID,3229Y,TIELMES,401450N,031842W,594
GUADALAJARA,3209Y,BRIHUEGA,404555N,025227W,835
TOLEDO,3254Y,MORA ,394113N,034650W,717
TOLEDO,3259,"TOLEDO, LORENZANA",395134N,040132W,540
TOLEDO,3260B,TOLEDO,395305N,040243W,513
MADRID,3266A,PUERTO ALTO DEL LEÓN,404223N,040831W,1532
TOLEDO,3298X,SAN PABLO DE LOS MONTES,393249N,042102W,917
MADRID,3268C,ALPEDRETE,403935N,040103W,924
MADRID,3338,ROBLEDO DE CHAVELA,402540N,041460W,763
MADRID,3330Y,ROZAS DE PUERTO REAL,401847N,042914W,890
TOLEDO,3305Y,NAVAHERMOSA,393750N,042837W,750
AVILA,3319D,PUERTO DEL PICO,402023N,050046W,1285
AVILA,3337U,CEBREROS,402803N,042721W,850
TOLEDO,3362Y,CASTILLO DE BAYUELA,400630N,044050W,560
MADRID,3343Y,VALDEMORILLO,402948N,040340W,884
CACERES,3386A,NAVALVILLAR DE IBOR,393530N,052330W,923
TOLEDO,3365A,TALAVERA DE LA REINA,395731N,045149W,372
CACERES,3423I,MADRIGAL DE LA VERA,400914N,052224W,464
TOLEDO,3427Y,OROPESA,395936N,050652W,345
AVILA,3391,SOTILLO DE LA ADRADA,401719N,043527W,630
AVILA,3422D,CANDELEDA,400821N,051841W,350
CACERES,3448X,SERRADILLA,394915N,060739W,406
CACERES,3434X,NAVALMORAL DE LA MATA,395645N,053457W,269
CACERES,3436D,GARGANTA LA OLLA,400640N,054705W,690
CACERES,3463Y,TRUJILLO,392751N,055227W,523
CACERES,3469,"CÁCERES, CIUDAD",392833N,062235W,459
CACERES,3455X,JARAICEJO,394012N,054830W,559
CACERES,3463X,TRUJILLO,392857N,055115W,503
CACERES,3475X,CAÑAVERAL,394726N,062235W,373
CACERES,3469A,CÁCERES,392817N,062020W,394
CACERES,3504X,HERVÁS,401554N,055140W,724
CACERES,3503,GUIJO DE GRANADILLA,401122N,061003W,393
CACERES,3512X,MONTEHERMOSO,400451N,062020W,351
CACERES,3494U,NUÑOMORAL,402429N,061423W,470
CACERES,3516X,PIORNAL,400715N,054957W,1260
CACERES,3514B,TORNAVACAS,401531N,054042W,991
CACERES,3519X,PLASENCIA,400235N,060509W,415
CACERES,3531X,TORRECILLA DE LOS ANGELES,401518N,062442W,459
CACERES,3526X,CORIA,400013N,063327W,313
CACERES,3536X,HOYOS,401029N,064328W,560
CACERES,3540X,ZARZA LA MAYOR,395217N,065136W,336
CACERES,3547X,VALVERDE DEL FRESNO,401226N,065346W,450
CACERES,3562X,ALISEDA,392539N,064411W,321
CACERES,3565X,BROZAS,393705N,064442W,425
CACERES,3576X,VALENCIA DE ALCÁNTARA,392453N,071352W,444
CIUDAD REAL,4064Y,ALCAZAR DE SAN JUAN,392327N,031257W,640
TOLEDO,4061X,QUINTANAR DE LA ORDEN,393550N,030254W,692
CUENCA,4051Y,ALCÁZAR DEL REY,400340N,024825W,875
ALBACETE,4007Y,OSSA DE MONTIEL,385757N,024442W,905
CUENCA,4089A,ALBERCA DE ZANCARA,393101N,022945W,858
TOLEDO,4067,MADRIDEJOS,392931N,033142W,690
CUENCA,4070Y,ABIA DE OBISPALIA,400108N,022343W,1020
CUENCA,4075Y,VILLARES DEL SAZ,395025N,023012W,870
CUENCA,4093Y,OSA DE LA VEGA ,393922N,024536W,763
CUENCA,4090Y,SAN CLEMENTE,392500N,022514W,728
ALBACETE,4091Y,VILLARROBLEDO,391543N,023533W,718
CIUDAD REAL,4116I,ALMAGRO / FAMET,385703N,034431W,626
ALBACETE,4096Y,MUNERA,390060N,022920W,918
CIUDAD REAL,4103X,TOMELLOSO,391009N,030027W,662
CUENCA,4095Y,BELMONTE,393319N,024220W,745
CIUDAD REAL,4121C,"CIUDAD REAL, INSTITUTO",385916N,035545W,627
CIUDAD REAL,4138Y,VILLANUEVA DE LOS INFANTES,384415N,030016W,900
CIUDAD REAL,4147X,VALDEPEÑAS,384502N,032329W,700
CIUDAD REAL,4121,CIUDAD REAL,385921N,035513W,626
CIUDAD REAL,4148,VISO DEL MARQUÉS,383105N,033400W,804
CIUDAD REAL,4193Y,EL ROBLEDO,391301N,041658W,587
CIUDAD REAL,4195E,"ALCORNOQUERA, PARQUE NACIONAL CABAÑEROS",391915N,042342W,651
CIUDAD REAL,4210Y,ABENÓJAR,385353N,041731W,718
CIUDAD REAL,4220X,PUEBLA DE DON RODRIGO,390501N,043719W,531
CACERES,4236Y,PUERTO REY ,392702N,050135W,689
BADAJOZ,4260,PERALEDA DEL ZAUCEJO,382847N,053439W,542
CACERES,4245X,GUADALUPE,392719N,051960W,660
BADAJOZ,4244X,HERRERA DEL DUQUE,391010N,050344W,447
CORDOBA,4263X,VALSEQUILLO,382434N,052102W,575
CIUDAD REAL,4300Y,ALMADÉN,384631N,045043W,535
CORDOBA,4267X,HINOJOSA DEL DUQUE,382954N,050717W,551
BADAJOZ,4325Y,CASTUERA,384431N,053145W,459
CACERES,4339X,CAÑAMERO,391851N,052208W,590
BADAJOZ,4340,NAVALVILLAR DE PELA,390612N,052741W,313
CACERES,4347X,ZORITA,391658N,054237W,413
BADAJOZ,4386B,LLERENA,381354N,060101W,655
BADAJOZ,4395X,VILLAFRANCA DE LOS BARROS,383306N,061824W,430
BADAJOZ,4362X,RETAMAL DE LLERENA,383435N,055045W,474
BADAJOZ,4358X,DON BENITO,385720N,055250W,274
CACERES,4411C,ALCUESCAR,391151N,061352W,467
BADAJOZ,4410X,MÉRIDA,385457N,062308W,228
BADAJOZ,4436Y,ALMENDRALEJO,384120N,062140W,371
BADAJOZ,4427X,ZAFRA,382533N,062612W,433
BADAJOZ,4468X,PUEBLA DE OBANDO,391036N,063603W,392
BADAJOZ,4464X,ALBURQUERQUE,391055N,065943W,283
BADAJOZ,4478X,BADAJOZ,385310N,070034W,174
BADAJOZ,4452,BADAJOZ AEROPUERTO,385300N,064850W,186
BADAJOZ,4489X,ALCONCHEL,382905N,071655W,170
BADAJOZ,4486X,OLIVENZA,384151N,070504W,275
BADAJOZ,4492F,BARCARROTA,382822N,065524W,377
BADAJOZ,4497X,VILLANUEVA DEL FRESNO,382220N,070929W,247
BADAJOZ,4501X,FUENTE DE CANTOS,381231N,061841W,602
BADAJOZ,4499X,MONESTERIO,380453N,061619W,771
BADAJOZ,4511C,JEREZ DE LOS CABALLEROS,381755N,064554W,381
BADAJOZ,4520X,FREGENAL DE LA SIERRA,381042N,063942W,586
HUELVA,4527X,AROCHE,375849N,065833W,267
HUELVA,4541X,EL GRANADO,373313N,073112W,60
HUELVA,4549Y,AYAMONTE,371141N,072342W,3
HUELVA,4554X,CARTAYA,371306N,070501W,15
HUELVA,4584X,EL CERRO DE ANDÉVALO,374354N,065632W,270
HUELVA,4560Y,ALAJAR,375207N,064030W,572
HUELVA,4575X,VALVERDE DEL CAMINO,373431N,064604W,280
HUELVA,4589X,"ALOSNO, THARSIS",373552N,070710W,276
HUELVA,4642E,"HUELVA, RONDA ESTE",371642N,065442W,18
HUELVA,4608X,EL CAMPILLO,374038N,063748W,415
HUELVA,4605,HUELVA,371524N,065659W,17
HUELVA,4622X,VILLARRASA,372703N,063812W,145
CEUTA,5000C,CEUTA,355319N,052049W,87
JAEN,5038X,CAZORLA,375457N,030014W,782
JAEN,5038Y,CAZORLA,375457N,030014W,799
CEUTA,5000A,"CEUTA, MONTE HACHO",355344N,051732W,200
ALMERIA,5060X,VÉLEZ BLANCO - TOPARES,375139N,021341W,1190
GRANADA,5103E,"CAMARATE 2, PARQUE NACIONAL SIERRA NEVADA",370930N,031525W,2152
GRANADA,5051X,HUÉSCAR,375141N,023910W,1100
GRANADA,5047E,BAZA,373021N,024406W,785
GRANADA,5107D,DÓLAR,371048N,025911W,1197
GRANADA,5103F,"CAMARATE, PARQUE NACIONAL SIERRA NEVADA",371128N,031514W,1534
JAEN,5164B,BAEZA,375948N,032743W,771
JAEN,5165X,TORRES,374651N,033349W,910
JAEN,5181D,ARROYO DEL OJANCO,381853N,025323W,580
JAEN,5192,VILLARRODRIGO,382921N,023815W,862
JAEN,5246,SANTA ELENA,382040N,033207W,770
JAEN,5210X,VILLANUEVA DEL ARZOBISPO,381030N,025953W,680
JAEN,5279X,LINARES,380904N,033746W,515
JAEN,5270,"JAÉN, INSTITUTO",374635N,034720W,510
JAEN,5281X,BAILÉN,380535N,034657W,345
JAEN,5270B,JAÉN,374639N,034833W,580
JAEN,5298X,ANDÚJAR,380123N,040348W,202
CIUDAD REAL,5341C,FUENCALIENTE,382544N,041806W,710
CIUDAD REAL,5304Y,PUERTOLLANO,384008N,040333W,665
CORDOBA,5361X,MONTORO,380048N,041949W,155
CORDOBA,5390Y,VILLANUEVA DE CÓRDOBA,381959N,043632W,750
CORDOBA,5346X,CARDEÑA,381112N,041621W,720
JAEN,5406X,ALCALÁ LA REAL,372951N,035429W,908
CORDOBA,5394X,"CÓRDOBA, EMBALSE DE GUADANUÑO",380115N,044748W,525
CORDOBA,5402,CÓRDOBA AEROPUERTO,375056N,045048W,90
CORDOBA,5412X,PRIEGO DE CÓRDOBA,372905N,041228W,550
CORDOBA,5429X,"CÓRDOBA, PRÁGDENA",374837N,042744W,275
CORDOBA,5427X,DOÑA MENCÍA,373322N,042114W,650
GRANADA,5511,"PRADOLLANO, PARQUE NACIONAL SIERRA NEVADA",370352N,032217W,3092
BADAJOZ,5473X,AZUAGA,381604N,054110W,581
CORDOBA,5459X,ESPIEL,380640N,045543W,465
CORDOBA,5470,FUENTE PALMERA,374511N,050602W,120
GRANADA,5515D,VÍZNAR,371413N,033302W,1258
GRANADA,5514,GRANADA BASE AÉREA,370814N,033753W,687
GRANADA,5514Z,GRANADA BASE AÉREA,370810N,033800W,695
GRANADA,5515X,GRANADA-CARTUJA,371123N,033544W,775
GRANADA,5582A,LOJA,370940N,040910W,760
GRANADA,5516D,SIERRA NEVADA 'RADIOTELESCOPIO',370347N,032313W,2856
GRANADA,5530E,GRANADA AEROPUERTO,371125N,034723W,560
SEVILLA,5612B,LA RODA DE ANDALUCÍA,371140N,044612W,410
CORDOBA,5598X,BENAMEJÍ,371351N,043252W,465
SEVILLA,5612X,LORA DE ESTEPA,371613N,044937W,450
CORDOBA,5624X,AGUILAR DE LA FRONTERA,372855N,044109W,309
SEVILLA,5656,FUENTES DE ANDALUCÍA,372950N,052559W,165
CORDOBA,5625X,LA RAMBLA,373819N,044550W,200
SEVILLA,5641X,ÉCIJA,373058N,050506W,130
SEVILLA,5654X,LA PUEBLA DE LOS INFANTES,374712N,052216W,200
SEVILLA,5726X,GUADALCANAL,380558N,054909W,720
SEVILLA,5702X,CARMONA,373356N,054426W,50
SEVILLA,5704B,CAZALLA DE LA SIERRA,375535N,054611W,550
SEVILLA,5733X,ALMADÉN DE LA PLATA,374728N,060430W,450
SEVILLA,5783,SEVILLA AEROPUERTO,372500N,055245W,34
HUELVA,5769X,CALA,375825N,061920W,618
SEVILLA,5788X,"TOMARES, ZAUDÍN",372142N,060335W,84
SEVILLA,5790Y,"SEVILLA, TABLADA",372151N,060021W,9
SEVILLA,5835X,CARRIÓN DE LOS CÉSPEDES,372136N,062003W,76
SEVILLA,5796,MORÓN DE LA FRONTERA,370952N,053641W,87
HUELVA,5860E,"MOGUER, EL ARENOSILLO",370553N,064417W,41
HUELVA,5858X,ALMONTE,365919N,062635W,5
SEVILLA,5891X,LAS CABEZAS DE SAN JUAN,365712N,055048W,105
CADIZ,5906X,CHIPIONA,364500N,062402W,10
CADIZ,5919X,OLVERA,365554N,051534W,530
CADIZ,5910,"ROTA, BASE NAVAL",363820N,061957W,21
CADIZ,5911A,GRAZALEMA,364538N,052227W,913
CADIZ,5950X,SAN JOSÉ DEL VALLE,363950N,054660W,105
CADIZ,5960,JEREZ DE LA FRONTERA AEROPUERTO,364502N,060321W,27
CADIZ,5941X,EL BOSQUE,364346N,053044W,295
CADIZ,5983X,MEDINA SIDONIA,362422N,055513W,70
CADIZ,5973,CÁDIZ,362959N,061528W,2
CADIZ,5972X,SAN FERNANDO,362756N,061220W,28
CADIZ,5995B,VEJER DE LA FRONTERA,361444N,055754W,186
CADIZ,5996B,BARBATE,361105N,055434W,4
CADIZ,6001,TARIFA,360050N,053556W,32
SEVILLA,5998X,OSUNA,371436N,050645W,255
MELILLA,6000A,MELILLA,351635N,025723W,52
MALAGA,6032X,RONDA INSTITUTO,364460N,051007W,760
MALAGA,6032B,RONDA,364459N,051006W,766
MALAGA,6040X,CORTES DE LA FRONTERA,363240N,052311W,315
MALAGA,6045X,ALPANDEIRE,363757N,051211W,676
MALAGA,6050X,GAUCÍN,363107N,051907W,594
CADIZ,6042I,JIMENA DE LA FRONTERA,362608N,052342W,42
CADIZ,6056X,SAN ROQUE  ,361623N,051704W,1
MALAGA,6057X,MANILVA,362242N,051536W,140
MALAGA,6058I,ESTEPONA,362501N,050918W,19
MALAGA,6083X,MARBELLA,362860N,044425W,2
MALAGA,6069X,BENAHAVÍS,363237N,050129W,392
MALAGA,6076X,"MARBELLA, PUERTO",362904N,045711W,2
MALAGA,6100B,ANTEQUERA AYUNTAMIENTO (AUTOMÁTICA THIES),370126N,043345W,515
MALAGA,6084X,FUENGIROLA,363219N,043706W,8
MALAGA,6088X,TORREMOLINOS,363714N,043054W,85
MALAGA,6127X,ÁLORA,365117N,044148W,172
MALAGA,6143X,COÍN,363928N,044539W,230
MALAGA,6106X,ANTEQUERA,370146N,044454W,408
MALAGA,6155A,MÁLAGA AEROPUERTO,363958N,042856W,7
MALAGA,6172O,"MÁLAGA, PUERTO",364260N,042511W,25
MALAGA,6156X,"MÁLAGA, CENTRO METEOROLÓGICO",364304N,042854W,54
MALAGA,6199X,VÉLEZ-MÁLAGA,364607N,040537W,41
MALAGA,6201X,ALGARROBO,364521N,040238W,35
MALAGA,6175X,RINCÓN DE LA VICTORIA,364254N,041710W,7
MALAGA,6172X,MÁLAGA,364260N,042511W,25
MALAGA,6213X,NERJA,364546N,035043W,169
MALAGA,6205X,TORROX,364335N,035726W,3
GRANADA,6267X,SALOBREÑA,364454N,033443W,20
GRANADA,6248D,"CAÑAR, PARQUE NACIONAL SIERRA NEVADA",365708N,032549W,1732
GRANADA,6258X,LANJARÓN,365523N,032933W,708
GRANADA,6272X,CASTELL DE FERRO,364403N,032248W,235
GRANADA,6268Y,"MOTRIL, PUERTO",364326N,033145W,3
GRANADA,6268X,MOTRIL,364322N,033149W,12
ALMERIA,6277B,ADRA,364450N,030114W,8
ALMERIA,6291B,EL EJIDO,364629N,024847W,98
GRANADA,6281X,VÁLOR,370019N,030417W,1020
ALMERIA,6293X,ROQUETAS DE MAR,364113N,024206W,3
GRANADA,6299I,"LAGUNA SECA, PARQUE NACIONAL SIERRA NEVADA",370545N,025752W,2300
ALMERIA,6297,ALMERÍA,364952N,022720W,7
ALMERIA,6312E,"RÁGOL, PARQUE NACIONAL SIERRA NEVADA",370115N,024038W,601
ALMERIA,6302A,ABLA,370829N,024648W,869
ALMERIA,6307X,LÁUJAR DE ANDARAX,370160N,025445W,1510
ALMERIA,6307C,"LAÚJAR, PARQUE NACIONAL SIERRA NEVADA",370311N,025350W,1713
ALMERIA,6332X,CARBONERAS,365849N,015413W,16
ALMERIA,6329X,CABO DE GATA,364319N,021135W,42
ALMERIA,6325O,ALMERÍA AEROPUERTO,365047N,022125W,21
ALMERIA,6335O,"NACIMIENTO, PARQUE NACIONAL SIERRA NEVADA",370636N,024157W,970
ALMERIA,6332Y,CARBONERAS,365632N,015425W,222
MALAGA,6375X,FUENTE DE PIEDRA,370756N,044431W,420
ALMERIA,6340X,"GARRUCHA, PUERTO",371044N,014860W,7
ALMERIA,6364X,ALBOX,372424N,020905W,508
ALMERIA,6367B,HUÉRCAL-OVERA,372326N,015637W,300
MURCIA,7002Y,ÁGUILAS,372502N,013513W,32
MURCIA,7012C,CARTAGENA,373604N,005916W,17
ALMERIA,6381,ALBORÁN,355618N,030210W,15
MURCIA,7007Y,MAZARRÓN,373517N,011350W,66
MURCIA,7019X,CARTAGENA/SALINAS CABO PALOS,373809N,004256W,3
MURCIA,7012D,CARTAGENA,373616N,010124W,56
MURCIA,7026X,TORRE-PACHECO,374420N,005803W,50
MURCIA,7020C,MURCIA AEROPUERTO,374827N,010741W,205
MURCIA,7023X,FUENTE ÁLAMO DE MURCIA,374335N,011002W,140
MURCIA,7031,SAN JAVIER AEROPUERTO,374720N,004812W,4
ALBACETE,7066Y,"YESTE, EMBALSE FUENSANTA",382336N,021308W,680
MURCIA,7031X,SAN JAVIER AEROPUERTO,374642N,004821W,4
ALBACETE,7067Y,NERPIO,380518N,022447W,1485
ALBACETE,7096B,HELLÍN,383231N,014211W,605
ALBACETE,7103Y,TOBARRA,383517N,014122W,615
MURCIA,7080X,MORATALLA,381606N,015911W,955
ALBACETE,7072Y,YESTE,381742N,021738W,960
MURCIA,7121A,CALASPARRA,381403N,014208W,350
MURCIA,7119B,CARAVACA DE LA CRUZ,380611N,015238W,643
MURCIA,7127X,BULLAS,380257N,014143W,690
MURCIA,7138B,JUMILLA,382732N,012007W,485
MURCIA,7145D,CIEZA,381358N,012250W,265
MURCIA,7158X,ARCHENA,380741N,011821W,150
MURCIA,7178I,MURCIA,380007N,011015W,62
MURCIA,7172X,MULA,380229N,012657W,255
MURCIA,7195X,"CARAVACA DE LA CRUZ, LOS ROYOS",375534N,020330W,985
MURCIA,7203A,"LORCA, ZARCILLA DE RAMOS",375041N,015211W,646
MURCIA,7209,LORCA,373917N,014114W,312
MURCIA,7211B,PUERTO LUMBRERAS,373405N,014750W,445
MURCIA,7227X,ALHAMA DE MURCIA,375142N,012005W,157
MURCIA,7228,"ALCANTARILLA, BASE AÉREA",375728N,011343W,75
MURCIA,7237E,MOLINA DE SEGURA,380820N,010931W,170
MURCIA,7218Y,TOTANA,374531N,013046W,281
ALICANTE,7244X,ORIHUELA,380404N,005853W,26
ALICANTE,7247X,EL PINÓS/PINOSO,382359N,010217W,575
MURCIA,7250C,ABANILLA,381140N,010202W,174
ALICANTE,7261X,ROJALES,380517N,004255W,31
MURCIA,7275C,YECLA,383606N,010935W,640
ALICANTE,8008Y,VILLENA,383437N,005156W,486
VALENCIA,8005X,FONTANARS DELS ALFORINS,384648N,004745W,622
ALICANTE,8018X,ELX/ELCHE,381715N,004050W,110
ALICANTE,8019,ALICANTE-ELCHE AEROPUERTO,381658N,003415W,43
ALICANTE,8013X,NOVELDA,382308N,004528W,233
ALICANTE,8036Y,BENIDORM,383237N,000816W,36
ALICANTE,8057C,PEGO,385048N,000706W,60
ALICANTE,8050X,JÁVEA/ XÀBIA,384703N,001000E,15
ALICANTE,8025,ALACANT/ALICANTE,382221N,002939W,81
VALENCIA,8058Y,MIRAMAR,385701N,000816W,12
VALENCIA,8058X,OLIVA,385544N,000545W,5
ALICANTE,8059C,ALCOI/ALCOY,384239N,002736W,530
VALENCIA,8072Y,BARX,390101N,001817W,340
CUENCA,8155Y,MOTILLA DEL PALANCAR,393319N,015455W,830
CUENCA,8096,CUENCA,400402N,020755W,949
CUENCA,8084Y,PANTANO DE LA TOBA (AUTOMATICA),401321N,015533W,1154
ALBACETE,8175,ALBACETE BASE AÉREA,385715N,015123W,702
ALBACETE,8178D,ALBACETE,390020N,015144W,674
ALBACETE,8177A,CHINCHILLA,385615N,013932W,880
VALENCIA,8193E,JALANCE,391230N,010540W,372
ALBACETE,8198Y,ALMANSA,385102N,010347W,710
VALENCIA,8203O,ZARRA,390458N,010603W,855
CUENCA,8245Y,MIRA,394252N,012633W,815
CUENCA,8210Y,SALVACAÑETE,400611N,013013W,1160
VALENCIA,8270X,BICORP,390801N,004724W,305
VALENCIA,8283X,ONTINYENT,384946N,003628W,350
VALENCIA,8293X,XÀTIVA,390006N,003123W,88
VALENCIA,8300X,CARCAIXENT,390648N,002645W,25
VALENCIA,8325X,POLINYÀ DE XÚQUER,391105N,002219W,12
VALENCIA,8309X,UTIEL,393432N,011441W,758
TERUEL,8354X,ALBARRACÍN,402511N,012629W,1130
VALENCIA,8337X,TURÍS,392332N,003729W,186
TERUEL,8368U,TERUEL,402103N,010727W,902
TERUEL,8376,JABALOYAS,401410N,012442W,1430
VALENCIA,8381X,ADEMUZ,400338N,011701W,705
VALENCIA,8409X,LLÍRIA,393950N,003914W,198
VALENCIA,8414A,VALENCIA AEROPUERTO,392906N,002829W,56
VALENCIA,8395X,CHELVA,394512N,005937W,515
VALENCIA,8416Y,"VALÈNCIA, VIVEROS",392850N,002159W,11
CASTELLON,8439X,SEGORBE,394744N,002907W,400
VALENCIA,8416,VALÈNCIA,392850N,002159W,11
VALENCIA,8446Y,SAGUNT/SAGUNTO,394203N,001532W,24
VALENCIA,8416X,"VALENCIA, UPV",392846N,002014W,6
TERUEL,8458X,CEDRILLAS,402550N,005058W,1380
TERUEL,8486X,MOSQUERUELA,402145N,002716W,1515
CASTELLON,8489X,VILLAFRANCA DEL CID/VILAFRANCA,402600N,001520W,1130
CASTELLON,8472A,MONTANEJOS,400516N,003249W,601
CASTELLON,8492X,ATZENETA DEL MAESTRAT,401338N,001011W,420
CASTELLON,8503Y,TORREBLANCA,401241N,001101E,35
CASTELLON,8501,CASTELLÓ DE LA PLANA,395921N,000156W,23
CASTELLON,8500A,CASTELLÓ - ALMASSORA,395726N,000419W,43
CANTABRIA,9001S,ALTO CAMPOO,430212N,042228W,1650
CANTABRIA,9001D,REINOSA,425931N,040938W,870
CASTELLON,8520X,LA POBLA DE BENIFASSÀ-FREDES,404137N,000955E,1165
CASTELLON,8523X,VINARÒS,403315N,002547E,111
BURGOS,9012E,SANTA GADEA DE ALFOZ,425705N,035726W,915
CANTABRIA,9016X,"VALDERREDIBLE, CUBILLO DE EBRO",424835N,040156W,770
CANTABRIA,9019B,"VALDERREDIBLE, POLIENTES   ",424822N,035602W,720
BURGOS,9027X,SARGENTES DE LA LORA,424449N,035304W,1017
BURGOS,9031C,BRIVIESCA,423334N,031832W,730
BURGOS,9051,MEDINA DE POMAR,425512N,032858W,580
BURGOS,9069C,MIRANDA DE EBRO,424114N,025738W,460
ARABA/ALAVA,9087,VITORIA AERÓDROMO,425059N,023922W,521
ARABA/ALAVA,9073X,"AGURAIN/SALVATIERRA, OPAKUA",424947N,022135W,660
ARABA/ALAVA,9060X,LALASTRA,425231N,031354W,910
BURGOS,9111,BELORADO,422516N,031013W,820
ARABA/ALAVA,9091O,FORONDA-TXOKIZA,425255N,024406W,513
ARABA/ALAVA,9091R,VITORIA-GASTEIZ AEROPUERTO,425219N,024358W,513
LA RIOJA,9121X,HARO,423431N,025117W,465
LA RIOJA,9115X,VALDEZCARAY,421518N,025805W,1630
ARABA/ALAVA,9122I,LABASTIDA,423614N,024636W,612
LA RIOJA,9141V,NÁJERA,422450N,024336W,500
LA RIOJA,9136X,"ANGUIANO, VALVANERA",421351N,025216W,1006
ARABA/ALAVA,9145X,LEZA,423402N,023758W,575
LA RIOJA,9170,"LOGROÑO, AEROPUERTO",422708N,021952W,353
LA RIOJA,9145Y,CENICERO,422858N,023822W,429
ARABA/ALAVA,9178X,CAMPEZO/KANPEZU,424014N,022046W,570
NAVARRA,9171K,LOS ARCOS,423413N,021102W,470
LA RIOJA,9188,ENCISO,420858N,021624W,855
HUESCA,9198X,CANFRANC,424458N,003058W,1197
HUESCA,9195C,ASTÚN- LA RACA,424735N,003019W,2276
HUESCA,9201K,JACA,423444N,003249W,823
HUESCA,9201X,JACA,423447N,003242W,832
NAVARRA,9218A,ISABA/IZABA,425145N,005529W,838
HUESCA,9207,"VALLE DE HECHO, HECHO",424426N,004502W,860
HUESCA,9208E,ARAGÜÉS DEL PUERTO,424231N,004022W,1025
HUESCA,9211F,"BAILO, PUYALTO",423051N,004902W,722
NAVARRA,9228J,OROZ-BETELU/OROTZ-BETELU,425346N,011801W,635
NAVARRA,9238X,NAVASCUÉS/NABASKOZE,424303N,010702W,612
NAVARRA,9228T,RONCESVALLES/ORREAGA,430028N,011932W,947
NAVARRA,9252X,OLITE/ERRIBERRI,422921N,013920W,390
NAVARRA,9245X,CÁSEDA,423117N,012159W,440
ZARAGOZA,9244X,SOS DEL REY CATÓLICO,422927N,011248W,626
NAVARRA,9262P,MONREAL/ELO,424204N,012944W,585
NAVARRA,9257X,"ESTERIBAR, EMBALSE DE EUGI",425814N,013101W,615
NAVARRA,9262,PAMPLONA,424904N,013818W,450
NAVARRA,9263D,"PAMPLONA, AEROPUERTO",424637N,013900W,459
NAVARRA,9263X,"ARANGUREN, ILUNDAIN  ",424634N,013157W,572
NAVARRA,9274X,IRURTZUN,425508N,015006W,432
NAVARRA,9280B,LARRAGA,423258N,015127W,375
NAVARRA,9283X,CADREITA,421225N,014241W,268
LA RIOJA,9293X,"ALFARO, LA PLANA",421034N,014438W,371
ZARAGOZA,9299X,TARAZONA,415454N,014324W,475
NAVARRA,9294E,"BARDENAS REALES, BASE AÉREA",421155N,012831W,295
SORIA,9287A,SAN PEDRO MANRIQUE,420135N,021351W,1096
NAVARRA,9301X,MONTEAGUDO,415732N,014126W,410
NAVARRA,9302Y,TUDELA,420320N,013634W,297
ZARAGOZA,9336D,CASTEJON DE VALDEJASA,415903N,005945W,543
ZARAGOZA,9321X,EJEA DE LOS CABALLEROS,420716N,010823W,321
SORIA,9344C,ARCOS DE JALÓN,411259N,021735W,863
SORIA,9352A,ALMAZUL,413429N,020825W,1000
ZARAGOZA,9354X,ALHAMA DE ARAGON,411735N,015343W,703
GUADALAJARA,9377Y,EL PEDREGAL,404643N,013406W,1185
TERUEL,9381,"CALAMOCHA, AERÓDROMO",405154N,011818W,932
TERUEL,9374X,SANTA EULALIA DEL CAMPO,403400N,011915W,1000
TERUEL,9381I,CALAMOCHA,405534N,011736W,884
ZARAGOZA,9390,DAROCA,410652N,012436W,774
ZARAGOZA,9394X,CALATAYUD,411952N,013843W,582
ZARAGOZA,9434P,"ZARAGOZA, VALDESPARTERA",413716N,005605W,258
ZARAGOZA,9427X,LA ALMUNIA DE DOÑA GODINA,412852N,012251W,370
ZARAGOZA,9434,"ZARAGOZA, AEROPUERTO",413938N,010015W,249
HUESCA,9445L,"FORMIGAL, SARRIOS",424545N,002334W,1800
HUESCA,9451F,"PANTICOSA, PETROSOS",424216N,001631W,1850
TERUEL,9436X,FONFRÍA,405943N,010515W,1255
HUESCA,9453X,"BIESCAS, EMBALSE DE BÚBAL",424157N,001908W,1100
HUESCA,9491X,ALMUDÉVAR,420146N,003509W,390
HUESCA,9460X,SABIÑÁNIGO,423046N,002120W,775
ZARAGOZA,9495Y,LECIÑENA,414748N,003702W,405
ZARAGOZA,9501X,VALMADRID ,412635N,005309W,535
TERUEL,9513X,MUNIESA,410152N,004820W,800
TERUEL,9531Y,MONTALBÁN,404943N,004734W,895
ZARAGOZA,9510X,QUINTO,412545N,003014W,205
TERUEL,9550C,"ANDORRA, HORCALLANA",405828N,002428W,762
TERUEL,9561X,CASTELLOTE,404754N,001855W,755
CASTELLON,9562X,MORELLA,403718N,000607W,990
TERUEL,9546B,HIJAR,411019N,002631W,305
TERUEL,9569A,CALANDA,405648N,001416W,466
TERUEL,9573X,ALCAÑIZ,410329N,000830W,334
CASTELLON,9563X,CASTELLFORT,402955N,001112W,1220
ZARAGOZA,9574B,"CASPE, PLANA DEL PILÓN",411433N,000407W,215
ZARAGOZA,9576C,BUJARALOZ,413119N,001027W,357
GIRONA,9585,LA MOLINA,421957N,015622E,1699
LLEIDA,9590D,CAP DE REC,422549N,014003E,1940
LLEIDA,9619,LA SEU D'URGELL,422117N,012746E,677
LLEIDA,9632X,TUIXENT,421349N,013410E,1196
LLEIDA,9590,MARTINET  ,422144N,014136E,1038
LLEIDA,9638D,COLL DE NARGÓ,420916N,011843E,609
LLEIDA,9647X,TORÀ,414821N,012344E,435
LLEIDA,9657X,ESTERRI D'ÀNEU,423730N,010734E,952
LLEIDA,9650X,ARTESA DE SEGRE,415253N,010631E,400
LLEIDA,9689X,TORRE DE CABDELLA ,422759N,005927E,1273
LLEIDA,9660,SANT MAURICI (LLAC),423451N,010027E,1907
LLEIDA,9677,PORT AINÉ,422436N,011253E,2410
LLEIDA,9707,LLIMIANA,420401N,005426E,515
LLEIDA,9718X,TORDERA - GRANYANELLA,414052N,011323E,463
LLEIDA,9698U,TALARN,421217N,005153E,807
LLEIDA,9720X,TÀRREGA,413902N,010858E,388
LLEIDA,9729X,MOLLERUSSA,413701N,005160E,252
LLEIDA,9724X,OS DE BALAGUER,415224N,004522E,520
TARRAGONA,9726E,LLORAC,413326N,011834E,657
LLEIDA,9744B,VALL DE BOÍ,423012N,004756E,1089
LLEIDA,9771,"LLEIDA, OBSERVATORIO",413702N,003716E,199
HUESCA,9751,SOPEIRA,421907N,004449E,760
HUESCA,9756X,BENABARRE,420645N,002848E,765
LLEIDA,9775X,EL SOLERÀS,412449N,004042E,392
LLEIDA,9771C,LLEIDA,413734N,003553E,186
LLEIDA,9776D,ELS TORMS,412336N,004403E,488
LLEIDA,9772X,LA POBLA DE CÉRVOLES,412158N,005449E,673
HUESCA,9812M,"PARADOR DE ORDESA, PARQUE NACIONAL ORDESA Y MONTEPERDIDO",423919N,000557W,1206
HUESCA,9814A,TORLA,423736N,000642W,1020
HUESCA,9808X,"AÍNSA-SOBRARBE, LA SERRETA",422518N,000817E,610
HUESCA,9784P,BIELSA,423748N,001329E,992
HUESCA,9838B,BENASQUE,423558N,003114E,1120
HUESCA,9814I,"TORLA-ORDESA, EL CEBOLLAR",423922N,000728W,1905
HUESCA,9814X,TORLA - ORDESA,423815N,000643W,1076
HUESCA,9839V,"CERLER, COGULLA",423318N,003235E,2374
HUESCA,9866C,BARBASTRO,420117N,000826E,305
HUESCA,9855E,"CAPELLA, LAGUARRES",421205N,002758E,600
HUESCA,9843A,SEIRA,422837N,002603E,825
HUESCA,9898,"HUESCA, AEROPUERTO",420504N,001932W,546
HUESCA,9901X,HUESCA,420820N,002342W,463
HUESCA,9894Y,SARIÑENA,414757N,000939W,300
HUESCA,9908X,LANAJA,414626N,001959W,380
HUESCA,9911X,BALLOBAR,413710N,001116E,178
HUESCA,9918Y,"TAMARITE DE LITERA, LA MELUSA",414651N,002237E,218
HUESCA,9924X,FRAGA,413129N,002120E,170
TERUEL,9935X,VALDERROBRES,405224N,000847E,483
TARRAGONA,9946X,HORTA DE SANT JOAN,405711N,001842E,495
TARRAGONA,9975X,RASQUERA,410018N,003649E,112
TARRAGONA,9981A,ESTACIÓN DE TORTOSA (ROQUETES),404913N,002936E,50
TARRAGONA,9961X,CABACÉS,411458N,004407E,363
TARRAGONA,9947X,LA POBLA DE MASSALUCA,411038N,002112E,370
LLEIDA,9990X,"NAUT ARAN, ARTIES ",424201N,005237E,1161
TARRAGONA,9987P,SANT JAUME D'ENVEJA,404157N,004836E,1
LLEIDA,9988B,CAP DE VAQUÈIRA,424131N,005826E,2467
LLEIDA,9994X,BOSSÒST,424634N,004123E,722
NAVARRA,9995Y,VALCARLOS/LUZAIDE,430528N,011803W,334
TERUEL,9998X,BELLO,405517N,012940W,1006
